Tab Name,Last Updated
FanGraphs Hitter Data_Overall,"October 5, 2026 at 9:20PM"
FanGraphs Pitcher Data,"October 5, 2026 at 9:20PM"
Savant_Hitters_Overall,"October 5, 2026 at 9:20PM"
Savant_Hitters_vs_RHP,"October 5, 2026 at 9:20PM"
Savant_Hitters_vs_LHP,"October 5, 2026 at 9:20PM"
Savant_BatTrack_LHP,"October 5, 2026 at 9:20PM"
Savant_BatTrack_RHP,"October 5, 2026 at 9:20PM"
Savant_BatTrack_All,"October 5, 2026 at 9:20PM"
Savant Pitching Data_All,"October 5, 2026 at 9:20PM"
Savant_BattedBall_All,"October 5, 2026 at 9:20PM"
Savant_BattedBall_LHP,"October 5, 2026 at 9:20PM"
Savant_BattedBall_RHP,"October 5, 2026 at 9:20PM"
FG Split_BattedBall_vs LHP,"October 5, 2026 at 9:20PM"
FG Split_PlateDiscipline_vs LHP,"October 5, 2026 at 9:20PM"
FG Split_Statcast_vs LHP,"October 5, 2026 at 9:20PM"
FG Split_StrikeZone_vs LHP,"October 5, 2026 at 9:20PM"
FG Split_ShadowZone_vs LHP,"October 5, 2026 at 9:20PM"
FG Split_BattedBall_vs RHP,"October 5, 2026 at 9:20PM"
FG Split_PlateDiscipline_vs RHP,"October 5, 2026 at 9:20PM"
FG Split_Statcast_vs RHP,"October 5, 2026 at 9:20PM"
FG Split_StrikeZone_vs RHP,"October 5, 2026 at 9:20PM"
FG Split_ShadowZone_vs RHP,"October 5, 2026 at 9:20PM"
FG SL_BattedBallSeason_vs LHP,"October 5, 2026 at 9:20PM"
FG SL_BattedBallSeason_vs RHP,"October 5, 2026 at 9:20PM"
FanGraphs Splits Combined_vs LHP,"October 5, 2026 at 9:20PM"
FanGraphs Splits Combined_vs RHP,"October 5, 2026 at 9:20PM"
